Month,WS/MDC Main,GLUSER,Status,Vertical Final,Service End-Date, Client Since ,Mode,Second Layer
Dec'25,Mini Dynamic Catalog.,536307,Pending,Field Support,14-Dec-25,3,Multi Year,Catalog
Dec'25,Mini Dynamic Catalog.,602900,Pending,Field Support,13-Dec-25,1,Annual,Catalog
Dec'25,Mini Dynamic Catalog.,621091,Pending,Field Support,12-Dec-25,3,Annual,Listing
Dec'25,Mini Dynamic Catalog.,642779,Pending,Field Support,8-Dec-25,3,Annual,Catalog
Dec'25,Mini Dynamic Catalog.,690532,Pending,Field Support,15-Dec-25,1,Annual,Catalog
Dec'25,Mini Dynamic Catalog.,697570,Pending,Field Support,11-Dec-25,3,Annual,Catalog
Dec'25,Mini Dynamic Catalog.,706176,Pending,Field Support,6-Dec-25,3,Annual,Catalog
Dec'25,Mini Dynamic Catalog.,741425,Pending,Field Support,12-Dec-25,3,Annual,Catalog
Dec'25,Mini Dynamic Catalog.,761992,Pending,Field Support,11-Dec-25,1,Annual,Catalog
Dec'25,Mini Dynamic Catalog.,908593,Pending,Field Support,5-Dec-25,1,Annual,Catalog
Dec'25,Mini Dynamic Catalog.,955503,Pending,Field Support,4-Dec-25,3,Annual,Catalog
Dec'25,Mini Dynamic Catalog.,969667,Pending,Field Support,8-Dec-25,1,Annual,Catalog
Dec'25,Mini Dynamic Catalog.,1030743,Pending,Field Support,1-Dec-25,3,Annual,Catalog
Dec'25,Mini Dynamic Catalog.,1196152,Pending,Field Support,10-Dec-25,3,Annual,Catalog
Dec'25,Mini Dynamic Catalog.,1232834,Pending,Field Support,5-Dec-25,3,Annual,Catalog
Dec'25,Mini Dynamic Catalog.,1268154,Pending,Field Support,6-Dec-25,3,Annual,Catalog
Dec'25,Mini Dynamic Catalog.,1324844,Pending,Field Support,3-Dec-25,1,Annual,Catalog
Dec'25,Mini Dynamic Catalog.,1423579,Pending,Field Support,10-Dec-25,1,Annual,Listing
Dec'25,Mini Dynamic Catalog.,1434133,Pending,Field Support,9-Dec-25,3,Multi Year,Catalog
Dec'25,Mini Dynamic Catalog.,1556767,Pending,Field Support,10-Dec-25,1,Annual,Catalog
Dec'25,Mini Dynamic Catalog.,1702255,Pending,Field Support,6-Dec-25,1,Annual,Catalog
Dec'25,Mini Dynamic Catalog.,1863369,Pending,Field Support,4-Dec-25,1,Annual,Catalog
Dec'25,Mini Dynamic Catalog.,1884789,Pending,Field Support,5-Dec-25,3,Annual,Catalog
Dec'25,Mini Dynamic Catalog.,2016225,Pending,Field Support,4-Dec-25,1,Annual,Catalog
Dec'25,Mini Dynamic Catalog.,2151055,Pending,Field Support,3-Dec-25,3,Annual,Catalog
Dec'25,Mini Dynamic Catalog.,2161126,Pending,Field Support,12-Dec-25,1,Annual,Catalog
Dec'25,Mini Dynamic Catalog.,2452288,Pending,Field Support,5-Dec-25,3,Annual,Catalog
Dec'25,Mini Dynamic Catalog.,2557408,Pending,Field Support,10-Dec-25,3,Multi Year,Catalog
Dec'25,Mini Dynamic Catalog.,2562157,Pending,Field Support,11-Dec-25,2,Annual,Catalog
Dec'25,Mini Dynamic Catalog.,2633908,Pending,Field Support,1-Dec-25,1,Annual,Catalog
Dec'25,Mini Dynamic Catalog.,2633945,Pending,Field Support,5-Dec-25,1,Annual,Catalog
Dec'25,Mini Dynamic Catalog.,2667993,Pending,Field Support,13-Dec-25,1,Annual,Catalog
Dec'25,Mini Dynamic Catalog.,2714497,Pending,Field Support,9-Dec-25,1,Annual,Catalog
Dec'25,Mini Dynamic Catalog.,2720092,Pending,Field Support,13-Dec-25,3,Annual,Catalog
Dec'25,Mini Dynamic Catalog.,2732037,Pending,Field Support,4-Dec-25,3,Annual,Catalog
Dec'25,Mini Dynamic Catalog.,2735640,Pending,Field Support,15-Dec-25,3,Multi Year,Catalog
Dec'25,Mini Dynamic Catalog.,2786968,Pending,Field Support,1-Dec-25,3,Annual,Catalog
Dec'25,Mini Dynamic Catalog.,2814164,Pending,Field Support,8-Dec-25,1,Annual,Catalog
Dec'25,Mini Dynamic Catalog.,2821818,Pending,Field Support,4-Dec-25,3,Annual,Catalog
Dec'25,Mini Dynamic Catalog.,2830562,Pending,Field Support,10-Dec-25,1,Annual,Catalog
Dec'25,Mini Dynamic Catalog.,2848202,Pending,Field Support,8-Dec-25,1,Annual,Catalog
Dec'25,Mini Dynamic Catalog.,2890342,Pending,Field Support,13-Dec-25,2,Annual,Catalog
Dec'25,Mini Dynamic Catalog.,2926696,Pending,Field Support,2-Dec-25,1,Annual,Catalog
Dec'25,Mini Dynamic Catalog.,2983297,Pending,Field Support,13-Dec-25,1,Annual,Catalog
Dec'25,Mini Dynamic Catalog.,3032920,Pending,Field Support,3-Dec-25,3,Annual,Listing
Dec'25,Mini Dynamic Catalog.,3112017,Pending,Field Support,4-Dec-25,1,Annual,Catalog
Dec'25,Mini Dynamic Catalog.,3117710,Pending,Field Support,6-Dec-25,1,Annual,Catalog
Dec'25,Mini Dynamic Catalog.,3123238,Pending,Field Support,6-Dec-25,1,Annual,Catalog
Dec'25,Mini Dynamic Catalog.,3140291,Pending,Field Support,13-Dec-25,2,Annual,Catalog
Dec'25,Mini Dynamic Catalog.,3221495,Pending,Field Support,10-Dec-25,1,Annual,Catalog
Dec'25,Mini Dynamic Catalog.,3223853,Pending,Field Support,15-Dec-25,3,Multi Year,Listing
Dec'25,Mini Dynamic Catalog.,3230316,Pending,Field Support,4-Dec-25,1,Annual,Catalog
Dec'25,Mini Dynamic Catalog.,3248722,Pending,Field Support,3-Dec-25,3,Multi Year,Catalog
Dec'25,Mini Dynamic Catalog.,3261698,Pending,Field Support,1-Dec-25,1,Annual,Catalog
Dec'25,Mini Dynamic Catalog.,3285702,Pending,Field Support,3-Dec-25,1,Annual,Catalog
Dec'25,Mini Dynamic Catalog.,3288437,Pending,Field Support,13-Dec-25,1,Annual,Catalog
Dec'25,Mini Dynamic Catalog.,3295054,Pending,Field Support,11-Dec-25,1,Annual,Catalog
Dec'25,Mini Dynamic Catalog.,3306547,Pending,Field Support,12-Dec-25,1,Annual,Catalog
Dec'25,Mini Dynamic Catalog.,3349964,Pending,Field Support,5-Dec-25,1,Annual,Catalog
Dec'25,Mini Dynamic Catalog.,3381933,Pending,Field Support,6-Dec-25,2,Annual,Catalog
Dec'25,Mini Dynamic Catalog.,3474233,Pending,Field Support,10-Dec-25,3,Annual,Catalog
Dec'25,Mini Dynamic Catalog.,3704320,Pending,Field Support,11-Dec-25,1,Annual,Catalog
Dec'25,Mini Dynamic Catalog.,3715865,Pending,Field Support,6-Dec-25,1,Annual,Catalog
Dec'25,Mini Dynamic Catalog.,3738852,Pending,Field Support,8-Dec-25,1,Annual,Catalog
Dec'25,Mini Dynamic Catalog.,3746130,Pending,Field Support,8-Dec-25,3,Annual,Catalog
Dec'25,Mini Dynamic Catalog.,3747713,Pending,Field Support,11-Dec-25,1,Annual,Catalog
Dec'25,Mini Dynamic Catalog.,3786377,Pending,Field Support,12-Dec-25,1,Annual,Catalog
Dec'25,Mini Dynamic Catalog.,3814217,Pending,Field Support,10-Dec-25,3,Multi Year,Catalog
Dec'25,Mini Dynamic Catalog.,3826836,Pending,Field Support,10-Dec-25,1,Annual,Catalog
Dec'25,Mini Dynamic Catalog.,3840354,Pending,Field Support,6-Dec-25,3,Multi Year,Catalog
Dec'25,Mini Dynamic Catalog.,4000724,Pending,Field Support,12-Dec-25,1,Annual,Catalog
Dec'25,Mini Dynamic Catalog.,4078318,Pending,Field Support,9-Dec-25,1,Annual,Catalog
Dec'25,Mini Dynamic Catalog.,4102671,Pending,Field Support,11-Dec-25,1,Annual,Catalog
Dec'25,Mini Dynamic Catalog.,4125750,Pending,Field Support,4-Dec-25,3,Annual,Catalog
Dec'25,Mini Dynamic Catalog.,4185250,Pending,Field Support,13-Dec-25,3,Annual,Catalog
Dec'25,Mini Dynamic Catalog.,4218360,Pending,Field Support,1-Dec-25,1,Annual,Catalog
Dec'25,Mini Dynamic Catalog.,4221481,Pending,Field Support,2-Dec-25,3,Annual,Catalog
Dec'25,Mini Dynamic Catalog.,4235622,Pending,Field Support,11-Dec-25,1,Annual,Catalog
Dec'25,Mini Dynamic Catalog.,4472975,Pending,Field Support,9-Dec-25,1,Annual,Catalog
Dec'25,Mini Dynamic Catalog.,4511663,Pending,Field Support,6-Dec-25,1,Annual,Catalog
Dec'25,Mini Dynamic Catalog.,4515600,Pending,Field Support,15-Dec-25,1,Annual,Catalog
Dec'25,Mini Dynamic Catalog.,4575972,Pending,Field Support,12-Dec-25,2,Annual,Catalog
Dec'25,Mini Dynamic Catalog.,4608454,Pending,Field Support,4-Dec-25,2,Annual,Catalog
Dec'25,Mini Dynamic Catalog.,4617008,Pending,Field Support,10-Dec-25,3,Multi Year,Catalog
Dec'25,Mini Dynamic Catalog.,4672561,Pending,Field Support,11-Dec-25,1,Annual,Catalog
Dec'25,Mini Dynamic Catalog.,4771237,Pending,Field Support,8-Dec-25,2,Annual,Catalog
Dec'25,Mini Dynamic Catalog.,4881932,Pending,Field Support,3-Dec-25,2,Annual,Catalog
Dec'25,Mini Dynamic Catalog.,5061463,Pending,Field Support,7-Dec-25,3,Annual,Catalog
Dec'25,Mini Dynamic Catalog.,5096224,Pending,Field Support,3-Dec-25,3,Annual,Catalog
Dec'25,Mini Dynamic Catalog.,5207371,Pending,Field Support,10-Dec-25,2,Annual,Catalog
Dec'25,Mini Dynamic Catalog.,5460921,Pending,Field Support,5-Dec-25,2,Annual,Catalog
Dec'25,Mini Dynamic Catalog.,5725369,Pending,Field Support,5-Dec-25,1,Annual,Catalog
Dec'25,Mini Dynamic Catalog.,5865824,Pending,Field Support,13-Dec-25,1,Annual,Catalog
Dec'25,Mini Dynamic Catalog.,5918309,Pending,Field Support,12-Dec-25,1,Annual,Catalog
Dec'25,Mini Dynamic Catalog.,5928131,Pending,Field Support,4-Dec-25,3,Annual,Catalog
Dec'25,Mini Dynamic Catalog.,6027408,Pending,Field Support,12-Dec-25,1,Annual,Catalog
Dec'25,Mini Dynamic Catalog.,6115803,Pending,Field Support,15-Dec-25,1,Annual,Catalog
Dec'25,Mini Dynamic Catalog.,6195842,Pending,Field Support,9-Dec-25,3,Multi Year,Catalog
Dec'25,Mini Dynamic Catalog.,6213804,Pending,Field Support,6-Dec-25,2,Annual,Catalog
Dec'25,Mini Dynamic Catalog.,6260113,Pending,Field Support,14-Dec-25,2,Annual,Catalog
Dec'25,Mini Dynamic Catalog.,6400612,Pending,Field Support,13-Dec-25,3,Annual,Catalog
Dec'25,Mini Dynamic Catalog.,6404322,Pending,Field Support,13-Dec-25,1,Annual,Catalog
Dec'25,Mini Dynamic Catalog.,6404373,Pending,Field Support,2-Dec-25,2,Annual,Catalog
Dec'25,Mini Dynamic Catalog.,6411486,Pending,Field Support,9-Dec-25,1,Annual,Catalog
Dec'25,Mini Dynamic Catalog.,6488911,Pending,Field Support,3-Dec-25,3,Annual,Catalog
Dec'25,Mini Dynamic Catalog.,6493848,Pending,Field Support,11-Dec-25,2,Annual,Catalog
Dec'25,Mini Dynamic Catalog.,6512668,Pending,Field Support,5-Dec-25,3,Multi Year,Catalog
Dec'25,Mini Dynamic Catalog.,6529381,Pending,Field Support,2-Dec-25,3,Annual,Catalog
Dec'25,Mini Dynamic Catalog.,6567081,Pending,Field Support,11-Dec-25,3,Annual,Catalog
Dec'25,Mini Dynamic Catalog.,6687788,Pending,Field Support,9-Dec-25,3,Annual,Catalog
Dec'25,Mini Dynamic Catalog.,6825053,Pending,Field Support,3-Dec-25,1,Annual,Catalog
Dec'25,Mini Dynamic Catalog.,6851946,Pending,Field Support,1-Dec-25,2,Annual,Catalog
Dec'25,Mini Dynamic Catalog.,6908950,Pending,Field Support,4-Dec-25,2,Annual,Catalog
Dec'25,Mini Dynamic Catalog.,7044548,Pending,Field Support,1-Dec-25,1,Annual,Catalog
Dec'25,Mini Dynamic Catalog.,7064291,Pending,Field Support,6-Dec-25,3,Annual,Catalog
Dec'25,Mini Dynamic Catalog.,7081721,Pending,Field Support,11-Dec-25,2,Annual,Catalog
Dec'25,Mini Dynamic Catalog.,7187519,Pending,Field Support,13-Dec-25,1,Annual,Catalog
Dec'25,Mini Dynamic Catalog.,7293750,Pending,Field Support,3-Dec-25,3,Annual,Catalog
Dec'25,Mini Dynamic Catalog.,7409718,Pending,Field Support,15-Dec-25,3,Multi Year,Catalog
Dec'25,Mini Dynamic Catalog.,7493590,Pending,Field Support,6-Dec-25,1,Annual,Catalog
Dec'25,Mini Dynamic Catalog.,7500310,Pending,Field Support,3-Dec-25,3,Annual,Catalog
Dec'25,Mini Dynamic Catalog.,7627612,Pending,Field Support,6-Dec-25,1,Annual,Catalog
Dec'25,Mini Dynamic Catalog.,7686244,Pending,Field Support,10-Dec-25,1,Annual,Catalog
Dec'25,Mini Dynamic Catalog.,8113622,Pending,Field Support,8-Dec-25,1,Annual,Catalog
Dec'25,Mini Dynamic Catalog.,16948,Received,Field Support,7-Dec-25,3,Multi Year,Catalog
Dec'25,Mini Dynamic Catalog.,58605,Received,Field Support,2-Dec-25,1,Annual,Catalog
Dec'25,Mini Dynamic Catalog.,116760,Received,Field Support,14-Dec-25,3,Annual,Catalog
Dec'25,Mini Dynamic Catalog.,127392,Received,Field Support,11-Dec-25,2,Annual,Catalog
Dec'25,Mini Dynamic Catalog.,185549,Received,Field Support,11-Dec-25,3,Multi Year,Catalog
Dec'25,Mini Dynamic Catalog.,310011,Received,Field Support,5-Dec-25,3,Annual,Catalog
Dec'25,Mini Dynamic Catalog.,322464,Received,Field Support,1-Dec-25,3,Multi Year,Catalog
Dec'25,Mini Dynamic Catalog.,365708,Received,Field Support,4-Dec-25,3,Annual,Catalog
Dec'25,Mini Dynamic Catalog.,376322,Received,Field Support,13-Dec-25,1,Annual,Catalog
Dec'25,Mini Dynamic Catalog.,421984,Received,Field Support,12-Dec-25,3,Annual,Catalog
Dec'25,Mini Dynamic Catalog.,427949,Received,Field Support,8-Dec-25,3,Annual,Catalog
Dec'25,Mini Dynamic Catalog.,445843,Received,Field Support,1-Dec-25,3,Annual,Catalog
Dec'25,Mini Dynamic Catalog.,517700,Received,Field Support,14-Dec-25,3,Multi Year,Catalog
Dec'25,Mini Dynamic Catalog.,555795,Received,Field Support,8-Dec-25,3,Annual,Catalog
Dec'25,Mini Dynamic Catalog.,588192,Received,Field Support,6-Dec-25,1,Annual,Catalog
Dec'25,Mini Dynamic Catalog.,649247,Received,Field Support,7-Dec-25,3,Annual,Listing
Dec'25,Mini Dynamic Catalog.,649709,Received,Field Support,5-Dec-25,3,Multi Year,Listing
Dec'25,Mini Dynamic Catalog.,683919,Received,Field Support,13-Dec-25,3,Multi Year,Catalog
Dec'25,Mini Dynamic Catalog.,684139,Received,Field Support,7-Dec-25,3,Annual,Catalog
Dec'25,Mini Dynamic Catalog.,694891,Received,Field Support,4-Dec-25,3,Annual,Catalog
Dec'25,Mini Dynamic Catalog.,709016,Received,Field Support,13-Dec-25,3,Annual,Catalog
Dec'25,Mini Dynamic Catalog.,733041,Received,Field Support,10-Dec-25,3,Annual,Catalog
Dec'25,Mini Dynamic Catalog.,748297,Received,Field Support,4-Dec-25,3,Annual,Catalog
Dec'25,Mini Dynamic Catalog.,763661,Received,Field Support,6-Dec-25,1,Annual,Catalog
Dec'25,Mini Dynamic Catalog.,837797,Received,Field Support,15-Dec-25,3,Annual,Catalog
Dec'25,Mini Dynamic Catalog.,863314,Received,Field Support,13-Dec-25,3,Annual,Catalog
Dec'25,Mini Dynamic Catalog.,886840,Received,Field Support,5-Dec-25,3,Annual,Catalog
Dec'25,Mini Dynamic Catalog.,901091,Received,Field Support,9-Dec-25,3,Multi Year,Catalog
Dec'25,Mini Dynamic Catalog.,984557,Received,Field Support,6-Dec-25,3,Annual,Catalog
Dec'25,Mini Dynamic Catalog.,989949,Received,Field Support,6-Dec-25,3,Multi Year,Catalog
Dec'25,Mini Dynamic Catalog.,1046444,Received,Field Support,14-Dec-25,3,Annual,Catalog
Dec'25,Mini Dynamic Catalog.,1048805,Received,Field Support,6-Dec-25,1,Annual,Catalog
Dec'25,Mini Dynamic Catalog.,1219363,Received,Field Support,8-Dec-25,3,Annual,Catalog
Dec'25,Mini Dynamic Catalog.,1352244,Received,Field Support,9-Dec-25,3,Multi Year,Catalog
Dec'25,Mini Dynamic Catalog.,1365852,Received,Field Support,5-Dec-25,2,Annual,Catalog
Dec'25,Mini Dynamic Catalog.,1485292,Received,Field Support,4-Dec-25,3,Annual,Listing
Dec'25,Mini Dynamic Catalog.,1545627,Received,Field Support,10-Dec-25,3,Annual,Listing
Dec'25,Mini Dynamic Catalog.,1582499,Received,Field Support,12-Dec-25,3,Multi Year,Listing
Dec'25,Mini Dynamic Catalog.,1592172,Received,Field Support,6-Dec-25,3,Annual,Catalog
Dec'25,Mini Dynamic Catalog.,1595361,Received,Field Support,8-Dec-25,3,Annual,Export-TS
Dec'25,Mini Dynamic Catalog.,1614096,Received,Field Support,2-Dec-25,3,Annual,Catalog
Dec'25,Mini Dynamic Catalog.,1638154,Received,Field Support,13-Dec-25,3,Multi Year,Catalog
Dec'25,Mini Dynamic Catalog.,1659389,Received,Field Support,13-Dec-25,3,Annual,Catalog
Dec'25,Mini Dynamic Catalog.,1721343,Received,Field Support,14-Dec-25,3,Annual,Catalog
Dec'25,Mini Dynamic Catalog.,1725740,Received,Field Support,5-Dec-25,3,Annual,Catalog
Dec'25,Mini Dynamic Catalog.,1790271,Received,Field Support,10-Dec-25,1,Annual,Catalog
Dec'25,Mini Dynamic Catalog.,1819640,Received,Field Support,15-Dec-25,3,Annual,Catalog
Dec'25,Mini Dynamic Catalog.,1830141,Received,Field Support,5-Dec-25,1,Annual,Catalog
Dec'25,Mini Dynamic Catalog.,1848220,Received,Field Support,6-Dec-25,3,Multi Year,Catalog
Dec'25,Mini Dynamic Catalog.,1931730,Received,Field Support,9-Dec-25,3,Multi Year,Catalog
Dec'25,Mini Dynamic Catalog.,1952443,Received,Field Support,14-Dec-25,3,Annual,Catalog
Dec'25,Mini Dynamic Catalog.,1988976,Received,Field Support,2-Dec-25,3,Annual,Listing
Dec'25,Mini Dynamic Catalog.,2002949,Received,Field Support,15-Dec-25,3,Annual,Catalog
Dec'25,Mini Dynamic Catalog.,2009427,Received,Field Support,3-Dec-25,3,Annual,Catalog
Dec'25,Mini Dynamic Catalog.,2020646,Received,Field Support,15-Dec-25,3,Multi Year,Listing
Dec'25,Mini Dynamic Catalog.,2022077,Received,Field Support,12-Dec-25,3,Annual,Catalog
Dec'25,Mini Dynamic Catalog.,2044643,Received,Field Support,4-Dec-25,3,Annual,Listing
Dec'25,Mini Dynamic Catalog.,2097179,Received,Field Support,5-Dec-25,1,Annual,Catalog
Dec'25,Mini Dynamic Catalog.,2104499,Received,Field Support,9-Dec-25,1,Annual,Listing
Dec'25,Mini Dynamic Catalog.,2130670,Received,Field Support,2-Dec-25,3,Annual,Catalog
Dec'25,Mini Dynamic Catalog.,2174304,Received,Field Support,13-Dec-25,3,Annual,Catalog
Dec'25,Mini Dynamic Catalog.,2178957,Received,Field Support,5-Dec-25,3,Annual,Catalog
Dec'25,Mini Dynamic Catalog.,2244363,Received,Field Support,5-Dec-25,3,Annual,Catalog
Dec'25,Mini Dynamic Catalog.,2326673,Received,Field Support,10-Dec-25,1,Annual,Catalog
Dec'25,Mini Dynamic Catalog.,2352436,Received,Field Support,8-Dec-25,3,Multi Year,Catalog
Dec'25,Mini Dynamic Catalog.,2372500,Received,Field Support,13-Dec-25,3,Multi Year,Listing
Dec'25,Mini Dynamic Catalog.,2457386,Received,Field Support,7-Dec-25,3,Multi Year,Catalog
Dec'25,Mini Dynamic Catalog.,2536699,Received,Field Support,8-Dec-25,3,Annual,Catalog
Dec'25,Mini Dynamic Catalog.,2545253,Received,Field Support,4-Dec-25,1,Annual,Catalog
Dec'25,Mini Dynamic Catalog.,2545267,Received,Field Support,7-Dec-25,3,Annual,Catalog
Dec'25,Mini Dynamic Catalog.,2558666,Received,Field Support,4-Dec-25,1,Annual,Catalog
Dec'25,Mini Dynamic Catalog.,2559291,Received,Field Support,2-Dec-25,3,Annual,Catalog
Dec'25,Mini Dynamic Catalog.,2577004,Received,Field Support,13-Dec-25,3,Annual,Catalog
Dec'25,Mini Dynamic Catalog.,2611153,Received,Field Support,10-Dec-25,2,Annual,Listing
Dec'25,Mini Dynamic Catalog.,2612304,Received,Field Support,5-Dec-25,3,Annual,Catalog
Dec'25,Mini Dynamic Catalog.,2662064,Received,Field Support,14-Dec-25,3,Multi Year,Listing
Dec'25,Mini Dynamic Catalog.,2688585,Received,Field Support,5-Dec-25,3,Annual,Listing
Dec'25,Mini Dynamic Catalog.,2704695,Received,Field Support,14-Dec-25,2,Annual,Catalog
Dec'25,Mini Dynamic Catalog.,2706330,Received,Field Support,10-Dec-25,3,Annual,Catalog
Dec'25,Mini Dynamic Catalog.,2726269,Received,Field Support,6-Dec-25,1,Annual,Catalog
Dec'25,Mini Dynamic Catalog.,2727675,Received,Field Support,15-Dec-25,1,Annual,Catalog
Dec'25,Mini Dynamic Catalog.,2734053,Received,Field Support,13-Dec-25,1,Annual,Catalog
Dec'25,Mini Dynamic Catalog.,2785690,Received,Field Support,13-Dec-25,3,Annual,Catalog
Dec'25,Mini Dynamic Catalog.,2798037,Received,Field Support,11-Dec-25,3,Multi Year,Listing
Dec'25,Mini Dynamic Catalog.,2802227,Received,Field Support,11-Dec-25,1,Annual,Catalog
Dec'25,Mini Dynamic Catalog.,2899929,Received,Field Support,4-Dec-25,3,Annual,Catalog
Dec'25,Mini Dynamic Catalog.,2985234,Received,Field Support,3-Dec-25,3,Multi Year,Catalog
Dec'25,Mini Dynamic Catalog.,2999635,Received,Field Support,15-Dec-25,1,Annual,Catalog
Dec'25,Mini Dynamic Catalog.,3047038,Received,Field Support,13-Dec-25,1,Annual,Catalog
Dec'25,Mini Dynamic Catalog.,3058048,Received,Field Support,1-Dec-25,3,Annual,Catalog
Dec'25,Mini Dynamic Catalog.,3061287,Received,Field Support,3-Dec-25,2,Annual,Catalog
Dec'25,Mini Dynamic Catalog.,3099707,Received,Field Support,11-Dec-25,2,Annual,Catalog
Dec'25,Mini Dynamic Catalog.,3140323,Received,Field Support,11-Dec-25,2,Annual,Catalog
Dec'25,Mini Dynamic Catalog.,3156163,Received,Field Support,4-Dec-25,1,Annual,Catalog
Dec'25,Mini Dynamic Catalog.,3189948,Received,Field Support,13-Dec-25,1,Annual,Catalog
Dec'25,Mini Dynamic Catalog.,3205996,Received,Field Support,9-Dec-25,1,Annual,Catalog
Dec'25,Mini Dynamic Catalog.,3272241,Received,Field Support,13-Dec-25,3,Annual,Catalog
Dec'25,Mini Dynamic Catalog.,3275158,Received,Field Support,6-Dec-25,3,Annual,Catalog
Dec'25,Mini Dynamic Catalog.,3285577,Received,Field Support,13-Dec-25,2,Annual,Catalog
Dec'25,Mini Dynamic Catalog.,3287184,Received,Field Support,6-Dec-25,3,Annual,Catalog
Dec'25,Mini Dynamic Catalog.,3294342,Received,Field Support,6-Dec-25,3,Annual,Catalog
Dec'25,Mini Dynamic Catalog.,3327810,Received,Field Support,8-Dec-25,3,Annual,Catalog
Dec'25,Mini Dynamic Catalog.,3333730,Received,Field Support,7-Dec-25,3,Annual,Catalog
Dec'25,Mini Dynamic Catalog.,3470207,Received,Field Support,8-Dec-25,1,Annual,Catalog
Dec'25,Mini Dynamic Catalog.,3489826,Received,Field Support,5-Dec-25,3,Multi Year,Listing
Dec'25,Mini Dynamic Catalog.,3551070,Received,Field Support,3-Dec-25,3,Annual,Catalog
Dec'25,Mini Dynamic Catalog.,3558234,Received,Field Support,15-Dec-25,3,Annual,Catalog
Dec'25,Mini Dynamic Catalog.,3641850,Received,Field Support,13-Dec-25,3,Annual,Catalog
Dec'25,Mini Dynamic Catalog.,3680080,Received,Field Support,8-Dec-25,3,Annual,Catalog
Dec'25,Mini Dynamic Catalog.,3703827,Received,Field Support,6-Dec-25,3,Annual,Catalog
Dec'25,Mini Dynamic Catalog.,3749709,Received,Field Support,11-Dec-25,1,Annual,Catalog
Dec'25,Mini Dynamic Catalog.,3788683,Received,Field Support,13-Dec-25,3,Multi Year,Catalog
Dec'25,Mini Dynamic Catalog.,3809113,Received,Field Support,10-Dec-25,1,Annual,Catalog
Dec'25,Mini Dynamic Catalog.,3834641,Received,Field Support,2-Dec-25,3,Annual,Catalog
Dec'25,Mini Dynamic Catalog.,3838714,Received,Field Support,5-Dec-25,2,Annual,Catalog
Dec'25,Mini Dynamic Catalog.,3843242,Received,Field Support,3-Dec-25,3,Annual,Catalog
Dec'25,Mini Dynamic Catalog.,3860143,Received,Field Support,12-Dec-25,3,Multi Year,Catalog
Dec'25,Mini Dynamic Catalog.,3861993,Received,Field Support,13-Dec-25,3,Multi Year,Listing
Dec'25,Mini Dynamic Catalog.,3867590,Received,Field Support,13-Dec-25,3,Annual,Catalog
Dec'25,Mini Dynamic Catalog.,3887880,Received,Field Support,9-Dec-25,3,Multi Year,Catalog
Dec'25,Mini Dynamic Catalog.,3913399,Received,Field Support,13-Dec-25,3,Annual,Catalog
Dec'25,Mini Dynamic Catalog.,3955174,Received,Field Support,9-Dec-25,3,Annual,Listing
Dec'25,Mini Dynamic Catalog.,3957421,Received,Field Support,12-Dec-25,3,Multi Year,Listing
Dec'25,Mini Dynamic Catalog.,3970512,Received,Field Support,3-Dec-25,3,Annual,Listing
Dec'25,Mini Dynamic Catalog.,4012136,Received,Field Support,2-Dec-25,3,Multi Year,Catalog
Dec'25,Mini Dynamic Catalog.,217311,Pending,Tele Support,15-Dec-25,1,Annual,Catalog
Dec'25,Mini Dynamic Catalog.,226437,Pending,Tele Support,11-Dec-25,1,Annual,Catalog
Dec'25,Mini Dynamic Catalog.,270493,Pending,Tele Support,11-Dec-25,3,Annual,Catalog
Dec'25,Mini Dynamic Catalog.,345744,Pending,Tele Support,10-Dec-25,1,Annual,Catalog
Dec'25,Mini Dynamic Catalog.,457019,Pending,Tele Support,12-Dec-25,3,Annual,Catalog
Dec'25,Mini Dynamic Catalog.,573764,Pending,Tele Support,5-Dec-25,1,Annual,Catalog
Dec'25,Mini Dynamic Catalog.,703130,Pending,Tele Support,8-Dec-25,3,Multi Year,Catalog
Dec'25,Mini Dynamic Catalog.,1601670,Pending,Tele Support,13-Dec-25,1,Annual,Catalog
Dec'25,Mini Dynamic Catalog.,1691400,Pending,Tele Support,4-Dec-25,3,Annual,Catalog
Dec'25,Mini Dynamic Catalog.,1941654,Pending,Tele Support,3-Dec-25,3,Annual,Catalog
Dec'25,Mini Dynamic Catalog.,2550866,Pending,Tele Support,1-Dec-25,3,Multi Year,Listing
Dec'25,Mini Dynamic Catalog.,2668125,Pending,Tele Support,8-Dec-25,1,Annual,Catalog
Dec'25,Mini Dynamic Catalog.,2715998,Pending,Tele Support,5-Dec-25,1,Annual,Catalog
Dec'25,Mini Dynamic Catalog.,3205187,Pending,Tele Support,10-Dec-25,1,Annual,Catalog
Dec'25,Mini Dynamic Catalog.,3237153,Pending,Tele Support,6-Dec-25,1,Annual,Catalog
Dec'25,Mini Dynamic Catalog.,3552807,Pending,Tele Support,4-Dec-25,3,Annual,Catalog
Dec'25,Mini Dynamic Catalog.,3711157,Pending,Tele Support,8-Dec-25,3,Annual,Catalog
Dec'25,Mini Dynamic Catalog.,3813750,Pending,Tele Support,10-Dec-25,3,Multi Year,Listing
Dec'25,Mini Dynamic Catalog.,4018807,Pending,Tele Support,8-Dec-25,1,Annual,Catalog
Dec'25,Mini Dynamic Catalog.,4139636,Pending,Tele Support,9-Dec-25,1,Annual,Catalog
Dec'25,Mini Dynamic Catalog.,4286367,Pending,Tele Support,4-Dec-25,1,Annual,Catalog
Dec'25,Mini Dynamic Catalog.,4751903,Pending,Tele Support,13-Dec-25,2,Annual,Catalog
Dec'25,Mini Dynamic Catalog.,4757753,Pending,Tele Support,12-Dec-25,1,Annual,Catalog
Dec'25,Mini Dynamic Catalog.,4779350,Pending,Tele Support,10-Dec-25,3,Multi Year,Catalog
Dec'25,Mini Dynamic Catalog.,4852401,Pending,Tele Support,11-Dec-25,3,Annual,Catalog
Dec'25,Mini Dynamic Catalog.,4941501,Pending,Tele Support,1-Dec-25,1,Annual,Catalog
Dec'25,Mini Dynamic Catalog.,5336163,Pending,Tele Support,2-Dec-25,1,Annual,Catalog
Dec'25,Mini Dynamic Catalog.,5832850,Pending,Tele Support,6-Dec-25,1,Annual,Catalog
Dec'25,Mini Dynamic Catalog.,6002801,Pending,Tele Support,9-Dec-25,1,Annual,Catalog
Dec'25,Mini Dynamic Catalog.,6004898,Pending,Tele Support,6-Dec-25,3,Multi Year,Catalog
Dec'25,Mini Dynamic Catalog.,6299538,Pending,Tele Support,9-Dec-25,3,Multi Year,Catalog
Dec'25,Mini Dynamic Catalog.,6894277,Pending,Tele Support,2-Dec-25,1,Annual,Catalog
Dec'25,Mini Dynamic Catalog.,7013259,Pending,Tele Support,12-Dec-25,1,Annual,Catalog
Dec'25,Mini Dynamic Catalog.,7090677,Pending,Tele Support,11-Dec-25,1,Annual,Catalog
Dec'25,Mini Dynamic Catalog.,7102722,Pending,Tele Support,8-Dec-25,3,Multi Year,Catalog
Dec'25,Mini Dynamic Catalog.,7184169,Pending,Tele Support,15-Dec-25,1,Annual,Catalog
Dec'25,Mini Dynamic Catalog.,7673961,Pending,Tele Support,9-Dec-25,1,Annual,Catalog
Dec'25,Mini Dynamic Catalog.,7810948,Pending,Tele Support,1-Dec-25,1,Annual,Export-TS
Dec'25,Mini Dynamic Catalog.,7957297,Pending,Tele Support,13-Dec-25,1,Annual,Catalog
Dec'25,Mini Dynamic Catalog.,8226421,Pending,Tele Support,4-Dec-25,1,Annual,Catalog
Dec'25,Mini Dynamic Catalog.,8264495,Pending,Tele Support,10-Dec-25,1,Annual,Catalog
Dec'25,Mini Dynamic Catalog.,8513337,Pending,Tele Support,13-Dec-25,1,Annual,Catalog
Dec'25,Mini Dynamic Catalog.,8579176,Pending,Tele Support,13-Dec-25,1,Annual,Catalog
Dec'25,Mini Dynamic Catalog.,8596037,Pending,Tele Support,10-Dec-25,3,Multi Year,Catalog
Dec'25,Mini Dynamic Catalog.,8976520,Pending,Tele Support,3-Dec-25,1,Annual,Catalog
Dec'25,Mini Dynamic Catalog.,9039453,Pending,Tele Support,9-Dec-25,1,Annual,Catalog
Dec'25,Mini Dynamic Catalog.,9440599,Pending,Tele Support,11-Dec-25,3,Annual,Catalog
Dec'25,Mini Dynamic Catalog.,9727900,Pending,Tele Support,6-Dec-25,1,Annual,Catalog
Dec'25,Mini Dynamic Catalog.,9755901,Pending,Tele Support,9-Dec-25,1,Annual,Catalog
Dec'25,Mini Dynamic Catalog.,10072036,Pending,Tele Support,12-Dec-25,1,Annual,Catalog
Dec'25,Mini Dynamic Catalog.,10504403,Pending,Tele Support,3-Dec-25,1,Annual,Catalog
Dec'25,Mini Dynamic Catalog.,10915620,Pending,Tele Support,14-Dec-25,2,Multi Year,Catalog
Dec'25,Mini Dynamic Catalog.,11640495,Pending,Tele Support,3-Dec-25,1,Annual,Catalog
Dec'25,Mini Dynamic Catalog.,11659492,Pending,Tele Support,11-Dec-25,1,Annual,Catalog
Dec'25,Mini Dynamic Catalog.,12068204,Pending,Tele Support,9-Dec-25,3,Annual,Catalog
Dec'25,Mini Dynamic Catalog.,12348633,Pending,Tele Support,12-Dec-25,1,Annual,Catalog
Dec'25,Mini Dynamic Catalog.,12699577,Pending,Tele Support,5-Dec-25,1,Annual,Catalog
Dec'25,Mini Dynamic Catalog.,13063029,Pending,Tele Support,6-Dec-25,1,Annual,Catalog
Dec'25,Mini Dynamic Catalog.,13194041,Pending,Tele Support,5-Dec-25,1,Annual,Catalog
Dec'25,Mini Dynamic Catalog.,13974995,Pending,Tele Support,15-Dec-25,3,Annual,Catalog
Dec'25,Mini Dynamic Catalog.,13999190,Pending,Tele Support,15-Dec-25,1,Annual,Catalog
Dec'25,Mini Dynamic Catalog.,14499961,Pending,Tele Support,11-Dec-25,1,Annual,Catalog
Dec'25,Mini Dynamic Catalog.,14977373,Pending,Tele Support,3-Dec-25,1,Annual,Catalog
Dec'25,Mini Dynamic Catalog.,15011775,Pending,Tele Support,8-Dec-25,1,Annual,Catalog
Dec'25,Mini Dynamic Catalog.,15471445,Pending,Tele Support,4-Dec-25,1,Annual,Catalog
Dec'25,Mini Dynamic Catalog.,15974601,Pending,Tele Support,2-Dec-25,1,Annual,Catalog
Dec'25,Mini Dynamic Catalog.,16544410,Pending,Tele Support,14-Dec-25,3,Annual,Catalog
Dec'25,Mini Dynamic Catalog.,17786469,Pending,Tele Support,10-Dec-25,1,Annual,Catalog
Dec'25,Mini Dynamic Catalog.,18015732,Pending,Tele Support,2-Dec-25,1,Annual,Catalog
Dec'25,Mini Dynamic Catalog.,20313435,Pending,Tele Support,12-Dec-25,1,Annual,Catalog
Dec'25,Mini Dynamic Catalog.,20819397,Pending,Tele Support,13-Dec-25,1,Annual,Catalog
Dec'25,Mini Dynamic Catalog.,20939530,Pending,Tele Support,3-Dec-25,2,Annual,Catalog
Dec'25,Mini Dynamic Catalog.,21766953,Pending,Tele Support,6-Dec-25,3,Multi Year,Catalog
Dec'25,Mini Dynamic Catalog.,22275408,Pending,Tele Support,6-Dec-25,1,Annual,Catalog
Dec'25,Mini Dynamic Catalog.,22572351,Pending,Tele Support,8-Dec-25,1,Annual,Catalog
Dec'25,Mini Dynamic Catalog.,22776548,Pending,Tele Support,13-Dec-25,1,Annual,Catalog
Dec'25,Mini Dynamic Catalog.,22961896,Pending,Tele Support,8-Dec-25,1,Annual,Catalog
Dec'25,Mini Dynamic Catalog.,23110206,Pending,Tele Support,1-Dec-25,1,Annual,Catalog
Dec'25,Mini Dynamic Catalog.,23130849,Pending,Tele Support,11-Dec-25,1,Annual,Catalog
Dec'25,Mini Dynamic Catalog.,23411474,Pending,Tele Support,11-Dec-25,1,Annual,Catalog
Dec'25,Mini Dynamic Catalog.,23614481,Pending,Tele Support,3-Dec-25,1,Annual,Catalog
Dec'25,Mini Dynamic Catalog.,23634711,Pending,Tele Support,8-Dec-25,1,Annual,Catalog
Dec'25,Mini Dynamic Catalog.,23912486,Pending,Tele Support,13-Dec-25,2,Annual,Catalog
Dec'25,Mini Dynamic Catalog.,24427873,Pending,Tele Support,13-Dec-25,3,Annual,Catalog
Dec'25,Mini Dynamic Catalog.,24476676,Pending,Tele Support,2-Dec-25,1,Annual,Catalog
Dec'25,Mini Dynamic Catalog.,24801654,Pending,Tele Support,12-Dec-25,2,Annual,Catalog
Dec'25,Mini Dynamic Catalog.,24903060,Pending,Tele Support,5-Dec-25,1,Annual,Listing
Dec'25,Mini Dynamic Catalog.,25139096,Pending,Tele Support,9-Dec-25,1,Annual,Catalog
Dec'25,Mini Dynamic Catalog.,25288561,Pending,Tele Support,3-Dec-25,1,Annual,Catalog
Dec'25,Mini Dynamic Catalog.,25818986,Pending,Tele Support,8-Dec-25,1,Annual,Catalog
Dec'25,Mini Dynamic Catalog.,26517345,Pending,Tele Support,5-Dec-25,1,Annual,Catalog
Dec'25,Mini Dynamic Catalog.,26618860,Pending,Tele Support,12-Dec-25,1,Annual,Catalog
Dec'25,Mini Dynamic Catalog.,27063000,Pending,Tele Support,6-Dec-25,2,Annual,Catalog
Dec'25,Mini Dynamic Catalog.,27168615,Pending,Tele Support,9-Dec-25,1,Annual,Catalog
Dec'25,Mini Dynamic Catalog.,27563241,Pending,Tele Support,8-Dec-25,1,Annual,Catalog
Dec'25,Mini Dynamic Catalog.,27615207,Pending,Tele Support,13-Dec-25,1,Annual,Catalog
Dec'25,Mini Dynamic Catalog.,27693344,Pending,Tele Support,8-Dec-25,1,Annual,Catalog
Dec'25,Mini Dynamic Catalog.,27775964,Pending,Tele Support,9-Dec-25,1,Annual,Catalog
Dec'25,Mini Dynamic Catalog.,28004497,Pending,Tele Support,11-Dec-25,1,Annual,Catalog
Dec'25,Mini Dynamic Catalog.,28493682,Pending,Tele Support,11-Dec-25,1,Annual,Catalog
Dec'25,Mini Dynamic Catalog.,29047131,Pending,Tele Support,13-Dec-25,1,Annual,Catalog
Dec'25,Mini Dynamic Catalog.,29583639,Pending,Tele Support,5-Dec-25,3,Annual,Catalog
Dec'25,Mini Dynamic Catalog.,29658333,Pending,Tele Support,6-Dec-25,1,Annual,Catalog
Dec'25,Mini Dynamic Catalog.,29692330,Pending,Tele Support,10-Dec-25,1,Annual,Catalog
Dec'25,Mini Dynamic Catalog.,30045283,Pending,Tele Support,2-Dec-25,3,Annual,Catalog
Dec'25,Mini Dynamic Catalog.,30186643,Pending,Tele Support,2-Dec-25,1,Annual,Catalog
Dec'25,Mini Dynamic Catalog.,31194796,Pending,Tele Support,13-Dec-25,2,Annual,Catalog
Dec'25,Mini Dynamic Catalog.,31241771,Pending,Tele Support,2-Dec-25,1,Annual,Catalog
Dec'25,Mini Dynamic Catalog.,32329916,Pending,Tele Support,15-Dec-25,1,Annual,Catalog
Dec'25,Mini Dynamic Catalog.,32462283,Pending,Tele Support,8-Dec-25,1,Annual,Catalog
Dec'25,Mini Dynamic Catalog.,33209014,Pending,Tele Support,11-Dec-25,3,Annual,Catalog
Dec'25,Mini Dynamic Catalog.,34687186,Pending,Tele Support,5-Dec-25,1,Annual,Catalog
Dec'25,Mini Dynamic Catalog.,34690296,Pending,Tele Support,15-Dec-25,1,Annual,Catalog
Dec'25,Mini Dynamic Catalog.,34825921,Pending,Tele Support,8-Dec-25,1,Annual,Catalog
Dec'25,Mini Dynamic Catalog.,36202887,Pending,Tele Support,9-Dec-25,1,Annual,Catalog
Dec'25,Mini Dynamic Catalog.,36287622,Pending,Tele Support,9-Dec-25,3,Annual,Catalog
Dec'25,Mini Dynamic Catalog.,37423223,Pending,Tele Support,15-Dec-25,1,Annual,Catalog
Dec'25,Mini Dynamic Catalog.,38007068,Pending,Tele Support,8-Dec-25,1,Annual,Catalog
Dec'25,Mini Dynamic Catalog.,38351760,Pending,Tele Support,6-Dec-25,2,Annual,Catalog
Dec'25,Mini Dynamic Catalog.,38407469,Pending,Tele Support,5-Dec-25,2,Annual,Catalog
Dec'25,Mini Dynamic Catalog.,40295569,Pending,Tele Support,15-Dec-25,1,Annual,Catalog
Dec'25,Mini Dynamic Catalog.,40973030,Pending,Tele Support,1-Dec-25,3,Annual,Catalog
Dec'25,Mini Dynamic Catalog.,41139387,Pending,Tele Support,5-Dec-25,1,Annual,Catalog
Dec'25,Mini Dynamic Catalog.,41357700,Pending,Tele Support,4-Dec-25,2,Annual,Catalog
Dec'25,Mini Dynamic Catalog.,41666156,Pending,Tele Support,9-Dec-25,3,Annual,Catalog
Dec'25,Mini Dynamic Catalog.,4786,Received,Tele Support,8-Dec-25,1,Annual,Catalog
Dec'25,Mini Dynamic Catalog.,705477,Received,Tele Support,5-Dec-25,3,Annual,Listing
Dec'25,Mini Dynamic Catalog.,1072984,Received,Tele Support,6-Dec-25,1,Annual,Catalog
Dec'25,Mini Dynamic Catalog.,1344750,Received,Tele Support,2-Dec-25,2,Annual,Catalog
Dec'25,Mini Dynamic Catalog.,1400508,Received,Tele Support,11-Dec-25,1,Annual,Catalog
Dec'25,Mini Dynamic Catalog.,1446535,Received,Tele Support,13-Dec-25,3,Annual,Catalog
Dec'25,Mini Dynamic Catalog.,1920163,Received,Tele Support,13-Dec-25,3,Annual,Catalog
Dec'25,Mini Dynamic Catalog.,1936785,Received,Tele Support,10-Dec-25,3,Multi Year,Catalog
Dec'25,Mini Dynamic Catalog.,1949874,Received,Tele Support,3-Dec-25,3,Annual,Catalog
Dec'25,Mini Dynamic Catalog.,1974844,Received,Tele Support,13-Dec-25,3,Multi Year,Listing
Dec'25,Mini Dynamic Catalog.,2277051,Received,Tele Support,11-Dec-25,3,Multi Year,Catalog
Dec'25,Mini Dynamic Catalog.,2342985,Received,Tele Support,13-Dec-25,3,Annual,Catalog
Dec'25,Mini Dynamic Catalog.,2463351,Received,Tele Support,6-Dec-25,1,Annual,Catalog
Dec'25,Mini Dynamic Catalog.,2569856,Received,Tele Support,11-Dec-25,3,Annual,Catalog
Dec'25,Mini Dynamic Catalog.,3258230,Received,Tele Support,11-Dec-25,2,Annual,Catalog
Dec'25,Mini Dynamic Catalog.,3613002,Received,Tele Support,13-Dec-25,3,Annual,Catalog
Dec'25,Mini Dynamic Catalog.,3660415,Received,Tele Support,13-Dec-25,2,Annual,Catalog
Dec'25,Mini Dynamic Catalog.,3797221,Received,Tele Support,15-Dec-25,3,Multi Year,Catalog
Dec'25,Mini Dynamic Catalog.,3820442,Received,Tele Support,4-Dec-25,3,Annual,Catalog
Dec'25,Mini Dynamic Catalog.,5007345,Received,Tele Support,10-Dec-25,3,Annual,Listing
Dec'25,Mini Dynamic Catalog.,5266611,Received,Tele Support,3-Dec-25,2,Annual,Catalog
Dec'25,Mini Dynamic Catalog.,5445003,Received,Tele Support,6-Dec-25,2,Annual,Catalog
Dec'25,Mini Dynamic Catalog.,5776670,Received,Tele Support,4-Dec-25,3,Multi Year,Listing
Dec'25,Mini Dynamic Catalog.,5871648,Received,Tele Support,15-Dec-25,1,Annual,Catalog
Dec'25,Mini Dynamic Catalog.,6090818,Received,Tele Support,4-Dec-25,3,Annual,Listing
Dec'25,Mini Dynamic Catalog.,7020714,Received,Tele Support,11-Dec-25,2,Annual,Catalog
Dec'25,Mini Dynamic Catalog.,7742795,Received,Tele Support,5-Dec-25,3,Annual,Catalog
Dec'25,Mini Dynamic Catalog.,8084213,Received,Tele Support,10-Dec-25,3,Annual,Catalog
Dec'25,Mini Dynamic Catalog.,8360596,Received,Tele Support,1-Dec-25,1,Annual,Export-TS
Dec'25,Mini Dynamic Catalog.,8697539,Received,Tele Support,13-Dec-25,3,Annual,Catalog
Dec'25,Mini Dynamic Catalog.,8772453,Received,Tele Support,7-Dec-25,3,Annual,Catalog
Dec'25,Mini Dynamic Catalog.,8815568,Received,Tele Support,5-Dec-25,3,Annual,Listing
Dec'25,Mini Dynamic Catalog.,9106147,Received,Tele Support,2-Dec-25,1,Annual,Catalog
Dec'25,Mini Dynamic Catalog.,9153396,Received,Tele Support,13-Dec-25,3,Annual,Catalog
Dec'25,Mini Dynamic Catalog.,9544697,Received,Tele Support,11-Dec-25,1,Annual,Catalog
Dec'25,Mini Dynamic Catalog.,10037180,Received,Tele Support,7-Dec-25,3,Multi Year,Listing
Dec'25,Mini Dynamic Catalog.,10251242,Received,Tele Support,13-Dec-25,2,Annual,Listing
Dec'25,Mini Dynamic Catalog.,10516271,Received,Tele Support,8-Dec-25,1,Annual,Catalog
Dec'25,Mini Dynamic Catalog.,10718786,Received,Tele Support,12-Dec-25,1,Annual,Catalog
Dec'25,Mini Dynamic Catalog.,11052589,Received,Tele Support,15-Dec-25,1,Annual,Catalog
Dec'25,Mini Dynamic Catalog.,11524622,Received,Tele Support,1-Dec-25,2,Annual,Catalog
Dec'25,Mini Dynamic Catalog.,12117400,Received,Tele Support,6-Dec-25,1,Annual,Catalog
Dec'25,Mini Dynamic Catalog.,12154125,Received,Tele Support,13-Dec-25,3,Annual,Listing
Dec'25,Mini Dynamic Catalog.,12967893,Received,Tele Support,15-Dec-25,1,Annual,Catalog
Dec'25,Mini Dynamic Catalog.,13294116,Received,Tele Support,14-Dec-25,3,Multi Year,Listing
Dec'25,Mini Dynamic Catalog.,13473093,Received,Tele Support,13-Dec-25,1,Annual,Catalog
Dec'25,Mini Dynamic Catalog.,13851202,Received,Tele Support,5-Dec-25,3,Annual,Listing
Dec'25,Mini Dynamic Catalog.,14384753,Received,Tele Support,8-Dec-25,3,Annual,Catalog
Dec'25,Mini Dynamic Catalog.,14440896,Received,Tele Support,15-Dec-25,1,Annual,Catalog
Dec'25,Mini Dynamic Catalog.,14768535,Received,Tele Support,10-Dec-25,1,Annual,Catalog
Dec'25,Mini Dynamic Catalog.,16101190,Received,Tele Support,11-Dec-25,3,Annual,Catalog
Dec'25,Mini Dynamic Catalog.,16228691,Received,Tele Support,6-Dec-25,2,Annual,Catalog
Dec'25,Mini Dynamic Catalog.,17268828,Received,Tele Support,3-Dec-25,2,Annual,Catalog
Dec'25,Mini Dynamic Catalog.,18316073,Received,Tele Support,10-Dec-25,1,Annual,Catalog
Dec'25,Mini Dynamic Catalog.,18689161,Received,Tele Support,3-Dec-25,1,Annual,Catalog
Dec'25,Mini Dynamic Catalog.,18827855,Received,Tele Support,9-Dec-25,2,Annual,Catalog
Dec'25,Mini Dynamic Catalog.,19337831,Received,Tele Support,4-Dec-25,3,Annual,Catalog
Dec'25,Mini Dynamic Catalog.,20953156,Received,Tele Support,5-Dec-25,3,Multi Year,Catalog
Dec'25,Mini Dynamic Catalog.,21096964,Received,Tele Support,11-Dec-25,1,Annual,Catalog
Dec'25,Mini Dynamic Catalog.,21510516,Received,Tele Support,12-Dec-25,1,Annual,Catalog
Dec'25,Mini Dynamic Catalog.,22472338,Received,Tele Support,12-Dec-25,1,Annual,Catalog
Dec'25,Mini Dynamic Catalog.,22698362,Received,Tele Support,8-Dec-25,3,Annual,Catalog
Dec'25,Mini Dynamic Catalog.,22845867,Received,Tele Support,2-Dec-25,3,Multi Year,Catalog
Dec'25,Mini Dynamic Catalog.,23527631,Received,Tele Support,5-Dec-25,1,Annual,Catalog
Dec'25,Mini Dynamic Catalog.,23528472,Received,Tele Support,14-Dec-25,2,Annual,Catalog
Dec'25,Mini Dynamic Catalog.,23910407,Received,Tele Support,6-Dec-25,1,Annual,Catalog
Dec'25,Mini Dynamic Catalog.,25343716,Received,Tele Support,13-Dec-25,1,Annual,Catalog
Dec'25,Mini Dynamic Catalog.,25690433,Received,Tele Support,9-Dec-25,1,Annual,Catalog
Dec'25,Mini Dynamic Catalog.,26118287,Received,Tele Support,4-Dec-25,1,Annual,Catalog
Dec'25,Mini Dynamic Catalog.,26935348,Received,Tele Support,15-Dec-25,3,Annual,Catalog
Dec'25,Mini Dynamic Catalog.,27046321,Received,Tele Support,10-Dec-25,3,Annual,Catalog
Dec'25,Mini Dynamic Catalog.,27490385,Received,Tele Support,10-Dec-25,2,Annual,Catalog
Dec'25,Mini Dynamic Catalog.,27719023,Received,Tele Support,2-Dec-25,1,Annual,Catalog
Dec'25,Mini Dynamic Catalog.,28268298,Received,Tele Support,3-Dec-25,1,Annual,Catalog
Dec'25,Mini Dynamic Catalog.,29158254,Received,Tele Support,12-Dec-25,3,Annual,Catalog
Dec'25,Mini Dynamic Catalog.,30188535,Received,Tele Support,2-Dec-25,3,Annual,Listing
Dec'25,Mini Dynamic Catalog.,30244364,Received,Tele Support,14-Dec-25,2,Annual,Catalog
Dec'25,Mini Dynamic Catalog.,33088358,Received,Tele Support,14-Dec-25,3,Multi Year,Listing
Dec'25,Mini Dynamic Catalog.,33828127,Received,Tele Support,2-Dec-25,1,Annual,Catalog
Dec'25,Mini Dynamic Catalog.,33913363,Received,Tele Support,15-Dec-25,1,Annual,Catalog
Dec'25,Mini Dynamic Catalog.,34230023,Received,Tele Support,14-Dec-25,2,Annual,Catalog
Dec'25,Mini Dynamic Catalog.,34449546,Received,Tele Support,11-Dec-25,2,Annual,Catalog
Dec'25,Mini Dynamic Catalog.,34864055,Received,Tele Support,5-Dec-25,3,Multi Year,Listing
Dec'25,Mini Dynamic Catalog.,36001965,Received,Tele Support,14-Dec-25,3,Annual,Catalog
Dec'25,Mini Dynamic Catalog.,36071419,Received,Tele Support,9-Dec-25,3,Annual,Listing
Dec'25,Mini Dynamic Catalog.,36161855,Received,Tele Support,6-Dec-25,3,Annual,Catalog
Dec'25,Mini Dynamic Catalog.,36832748,Received,Tele Support,10-Dec-25,3,Annual,Listing
Dec'25,Mini Dynamic Catalog.,37131048,Received,Tele Support,12-Dec-25,2,Annual,Catalog
Dec'25,Mini Dynamic Catalog.,37359308,Received,Tele Support,6-Dec-25,3,Annual,Catalog
Dec'25,Mini Dynamic Catalog.,37519598,Received,Tele Support,1-Dec-25,3,Annual,Listing
Dec'25,Mini Dynamic Catalog.,38460927,Received,Tele Support,14-Dec-25,2,Annual,Catalog
Dec'25,Mini Dynamic Catalog.,38546470,Received,Tele Support,10-Dec-25,1,Annual,Catalog
Dec'25,Mini Dynamic Catalog.,38882209,Received,Tele Support,6-Dec-25,3,Annual,Catalog
Dec'25,Mini Dynamic Catalog.,39000432,Received,Tele Support,5-Dec-25,1,Annual,Catalog
Dec'25,Mini Dynamic Catalog.,39246778,Received,Tele Support,15-Dec-25,3,Annual,Catalog
Dec'25,Mini Dynamic Catalog.,39737705,Received,Tele Support,13-Dec-25,3,Annual,Catalog
Dec'25,Mini Dynamic Catalog.,40481610,Received,Tele Support,3-Dec-25,3,Annual,Catalog
Dec'25,Mini Dynamic Catalog.,40700053,Received,Tele Support,13-Dec-25,1,Annual,Catalog
Dec'25,Mini Dynamic Catalog.,41675504,Received,Tele Support,8-Dec-25,3,Multi Year,Catalog
Dec'25,Mini Dynamic Catalog.,44463304,Received,Tele Support,4-Dec-25,3,Annual,Catalog
Dec'25,Mini Dynamic Catalog.,45158565,Received,Tele Support,15-Dec-25,1,Annual,Catalog
Dec'25,Mini Dynamic Catalog.,45985092,Received,Tele Support,7-Dec-25,3,Annual,Catalog
Dec'25,Mini Dynamic Catalog.,47144811,Received,Tele Support,8-Dec-25,3,Annual,Catalog
Dec'25,Mini Dynamic Catalog.,47554381,Received,Tele Support,15-Dec-25,3,Annual,Listing
Dec'25,Mini Dynamic Catalog.,48582529,Received,Tele Support,11-Dec-25,3,Annual,Listing
Dec'25,Mini Dynamic Catalog.,48758962,Received,Tele Support,6-Dec-25,2,Annual,Catalog
Dec'25,Mini Dynamic Catalog.,49002374,Received,Tele Support,13-Dec-25,1,Annual,Catalog
Dec'25,Mini Dynamic Catalog.,49681827,Received,Tele Support,4-Dec-25,3,Annual,Catalog
Dec'25,Mini Dynamic Catalog.,52350369,Received,Tele Support,11-Dec-25,3,Annual,Catalog
Dec'25,Mini Dynamic Catalog.,54178393,Received,Tele Support,12-Dec-25,3,Annual,Catalog
Dec'25,Mini Dynamic Catalog.,55613257,Received,Tele Support,12-Dec-25,1,Annual,Catalog
Dec'25,Mini Dynamic Catalog.,56046224,Received,Tele Support,4-Dec-25,1,Annual,Catalog
Dec'25,Mini Dynamic Catalog.,57463996,Received,Tele Support,15-Dec-25,3,Annual,Listing
Dec'25,Mini Dynamic Catalog.,57844691,Received,Tele Support,10-Dec-25,1,Annual,Catalog
Dec'25,Mini Dynamic Catalog.,59010550,Received,Tele Support,13-Dec-25,1,Annual,Catalog
Dec'25,Mini Dynamic Catalog.,59391230,Received,Tele Support,5-Dec-25,3,Annual,Catalog
Dec'25,Mini Dynamic Catalog.,60242328,Received,Tele Support,5-Dec-25,2,Annual,Catalog
Dec'25,Mini Dynamic Catalog.,60939906,Received,Tele Support,11-Dec-25,2,Annual,Catalog
Dec'25,Mini Dynamic Catalog.,61999217,Received,Tele Support,4-Dec-25,2,Annual,Catalog
Dec'25,Mini Dynamic Catalog.,62390641,Received,Tele Support,11-Dec-25,1,Annual,Catalog
Dec'25,Mini Dynamic Catalog.,62474677,Received,Tele Support,8-Dec-25,3,Annual,Catalog
Dec'25,Mini Dynamic Catalog.,63417884,Received,Tele Support,9-Dec-25,2,Annual,Catalog
Dec'25,Mini Dynamic Catalog.,63863841,Received,Tele Support,12-Dec-25,1,Annual,Catalog
Dec'25,Mini Dynamic Catalog.,66351229,Received,Tele Support,10-Dec-25,1,Annual,Catalog
Dec'25,Mini Dynamic Catalog.,67745421,Received,Tele Support,11-Dec-25,2,Annual,Catalog
Feb'26,Mini Dynamic Catalog Pro,241889528,Pending,Field Support,27-Feb-26,1,Annual,Catalog